Accno,PIN,Balance,First Name,Last Name,
97387,68273,999895,a,a,
55443,6363,673480,b,b,
91889,35515,360985,c,c,
70878,7928,448945,Abhinav,Gupta,
97530,72224,133309,e,e,
79862,15564,903978,f,f,
45561,22950,64881,g,g,
37625,20265,850834,h,h,
89471,42678,853550,i,i,
40331,73046,712958,j,j,
47662,59230,346951,k,k,
22651,70988,215365,l,l,
13649,74284,111376,m,m,
81477,81645,209307,n,n,
35209,11151,75062,o,o,
43460,18072,447629,p,p,
69957,43902,96900,q,q,
68974,66598,236146,r,r,
37600,60983,138175,s,s,
87226,81657,232703,t,t,
28473,87549,833524,u,u,
76170,11075,940990,v,v,
13480,32421,909354,w,w,
54556,66682,806656,x,x,
39367,13217,71612,y,y,
32688,87886,562098,z,z,
22960,10831,382433,aa,aa,
34416,3777,724152,ab,ab,
88291,57344,966247,ac,ac,
74260,34653,493094,ad,ad,
